Artist,Album,EP/LP,Released,Listened,Score,Stars,Re-rate,Vibes
SPRINTS,Letter to Self,LP,Jan-05,Jan-05,3,★★★,,"post-punk, crank wave, indie rock, riot grrrl,"
GRAY STATE,Under the Wheels of Progress,LP,Jan-05,Jan-05,3.5,★★★✬,,"metalcore, hardcore, hardcore punk, metallic hardcore,"
Avec Plaisir • Swiss Army Wife • Celebration Guns,The Ultimate Emo Album,LP,Jan-02,Jan-08,2.5,★★✬,,"indie rock, pop punk, midwest emo, indie"
Lazer Bullet,Spirit Suck Shit,LP,Jan-09,Jan-09,3.5,★★★✬,,"punk, hardcore, hardcore punk,"
CHANCE デラソウル,In Media Rez,LP,Jan-05,Jan-11,3,★★★,,"future funk, house, plunderphonics, electronic,"
Patrick Holland,Infra,LP,Jan-10,Jan-11,2.5,★★✬,,"house, electronic, indie pop, synth pop,"
Kali Uchis,ORQUÍDEAS,LP,Jan-12,Jan-12,3.5,★★★✬,,"rnb, neo-soul, soul, pop,"
@,"Are You There God? It's Me, @",LP,Jan-12,Jan-12,3,★★★,,
21 Savage,american dream,LP,Jan-12,Jan-12,2,★★,,"trap, hip-hop, rap, hip hop,"
Kid Cudi,INSANO,LP,Jan-12,Jan-16,2.5,★★✬,,"hip-hop, rap, alternative rap, hip hop,"
Infant Island,Obsidian Wreath,LP,Jan-12,Jan-12,4.5,★★★★✬,4.55,"screamo, post-metal, black metal, hardcore,"
Marika Hackman,Big Sigh,LP,Jan-12,Jan-12,3.5,★★★✬,,"singer-songwriter, british, indie, folk,"
Itzy,BORN TO BE,LP,Jan-12,Jan-12,2,★★,,"k-pop, kpop, pop, korean,"
Nailah Hunter,Lovegaze,LP,Jan-12,Jan-17,2.5,★★✬,,"ambient, harp, electronic, new age,"
Glass Beach,Plastic Death,LP,Jan-19,Jan-19,4.5,★★★★✬,4.65,"indie rock, emo, power pop, art rock,"
Sleater-Kinney,Little Rope,LP,Jan-19,Jan-19,2.5,★★✬,,"riot grrrl, indie rock, indie, female vocalists,"
Green Day,Saviors,LP,Jan-19,Jan-19,1.5,★✬,,"punk rock, rock, punk, alternative,"
Neck Deep,Neck Deep,LP,Jan-19,Jan-22,2.5,★★✬,,"pop punk, rock, punk rock, hardcore,"
Vemod,The Deepening,LP,Jan-19,Jan-22,2,★★,,"black metal, atmospheric black metal, norwegian, norwegian black metal,"
Mary Halvorson,Cloudward,LP,Jan-19,Jan-22,2.5,★★✬,,"jazz, free jazz, avant-garde, guitar,"
Slift,ILION,LP,Jan-19,Jan-22,2,★★,,"psychedelic rock, stoner rock, space rock, france,"
Eliza McLamb,Going Through It,LP,Jan-19,Jan-23,2.5,★★✬,,"pop, alternative, singer-songwriter, folk rock,"
Be Safe,Unwell,LP,Jan-19,Jan-23,3.5,★★★✬,,"indie, rock, alternative rock, emo,"
Bolts of Melody,Film Noir,LP,Jan-19,Jan-24,3.5,★★★✬,,"garage rock, psychedelic rock, soundtrack, indie,"
PACKS,Melt the Honey,LP,Jan-19,Jan-24,2,★★,,"indie rock, indie pop, garage rock, rock,"
The Asteroid No. 4,Tremble,EP,Jan-19,Jan-25,2,★★,,"psychedelic, shoegaze, psychedelic rock, neo-psychedelia,"
Hot Garbage,Precious Dream,LP,Jan-19,Jan-25,3,★★★,,"indie rock, punk rock, garage rock, psychedelic rock,"
Katy Kirby,Blue Raspberry,LP,Jan-26,Jan-26,3,★★★,,"indie folk, indie pop, singer-songwriter, indie,"
The Smile,Wall Of Eyes,LP,Jan-26,Jan-26,3.5,★★★✬,,"post-punk, art rock, alternative rock, indie rock,"
Ty Segall,Three Bells,LP,Jan-26,Jan-30,3,★★★,,"garage rock, lo-fi, garage punk, garage,"
Future Islands,People Who Aren't There Anymore,LP,Jan-26,Jan-29,4,★★★★,4.01,"new wave, electronic, experimental, synthpop,"
Benny The Butcher,Everybody Can't Go,LP,Jan-26,Jan-30,3.5,★★★✬,,"rap, gangsta rap, hip-hop, hip hop,"
Courting,New Last Name,LP,Jan-26,Jan-26,3.5,★★★✬,,"post-punk, crank wave, indie rock, art punk,"
Torres,What an enormous room,LP,Jan-26,Jan-30,3,★★★,,"indie, folk, alternative, indie rock,"
Olhava,Sacrifice,LP,Jan-26,Jan-31,3,★★★,,"atmospheric black metal, blackgaze, black metal, post-black metal,"
Goth Babe,Lola,LP,Jan-26,Jan-30,2.5,★★✬,,"dream pop, indie pop, lo-fi, garage rock,"
Militarie Gun,Life Under The Sun,EP,Jan-26,Jan-26,3,★★★,,"hardcore, post-hardcore, emo, alternative rock,"
Fabiano do Nascimento • Sam Gendel,The Room,LP,Jan-26,Feb-02,3,★★★,,"jazz, guitar, brazilian, brazil,"
Alkaline Trio,"Blood, Hair, And Eyeballs",LP,Jan-26,Feb-01,2,★★,,"punk, punk rock, emo, rock,"
Sarah Jarosz,Polaroid Lovers,LP,Jan-26,Feb-05,3,★★★,,"folk, bluegrass, singer-songwriter, female vocalists,"
Rose Chamber,State of Affairs,EP,Jan-30,Jan-31,3.5,★★★✬,,"darkwave, punk, industrial, new wave,"
Liquid Mike,Paul Bunyan's Slingshot,LP,Feb-02,Feb-02,4,★★★★,4.05,"power pop, indie rock, punk, alternative,"
The Last Dinner Party,Prelude to Ecstasy,LP,Feb-01,Feb-02,3.5,★★★✬,,"indie rock, glam rock, alternative, indie,"
Anika Pyle,Four Corners,EP,Feb-02,Feb-05,3,★★★,,"emo, indie pop, usa, indie folk,"
J Mascis,What Do We Do Now,LP,Feb-02,Feb-06,2.5,★★✬,,"indie rock, indie, singer-songwriter, alternative rock,"
Kirin J Callinan,If I Could Sing,LP,Feb-02,Feb-05,2,★★,,"experimental, noise rock, singer-songwriter, art rock,"
Vijay Iyer • Linda May Han Oh • Tyshawn Sorey,Compassion,LP,Feb-02,Feb-05,3.5,★★★✬,,"jazz, piano, modern jazz, jazz piano,"
Bill Ryder-Jones,Iechyd Da,LP,Jan-12,Feb-08,3.5,★★★✬,,"indie, folk, singer-songwriter, british,"
Astrid Sonne,Great Doubt,LP,Jan-26,Feb-15,4,★★★★,4.19,"ambient, experimental, electronic, glitch,"
Brittany Howard,What Now,LP,Feb-09,Feb-09,3,★★★,,"soul, blues, blues rock, funk,"
Shygirl,Club Shy,EP,Feb-09,Feb-09,4,★★★★,,"grime, electronic, uk bass, experimental,"
Pouty,Forgot About Me,LP,Feb-09,Feb-09,3,★★★,,"indie pop, indie, indie rock, usa,"
Ducks Ltd.,Harm's Way,LP,Feb-09,Feb-09,3.5,★★★✬,,"jangle pop, indie pop, indie rock, c86,"
Chelsea Wolfe,She Reaches Out To She Reaches Out To She,LP,Feb-09,Feb-12,3.5,★★★✬,,"experimental, folk, female vocalists, singer-songwriter,"
David Best,Message - Send - Failure,LP,Feb-09,Feb-12,2,★★,,
Helado Negro,PHASOR,LP,Feb-09,Feb-13,2.5,★★✬,,"experimental, folk, electronic, psychedelic,"
The Chisel,What A Fucking Nightmare,LP,Feb-09,Feb-12,3.5,★★★✬,,"oi, punk, punk rock, street punk,"
Itasca,Imitation of War,LP,Feb-09,Feb-13,2.5,★★✬,,"folk, psychedelic, singer-songwriter, usa,"
Spectral Voice,Sparagmos,LP,Feb-09,Feb-13,2.5,★★✬,,"death metal, death doom metal, doom metal, old school death metal,"
Madi Diaz,Weird Faith,LP,Feb-09,Feb-15,3,★★★,,"indie, nashville, americana, alt-country,"
Amiture,Mother Engine,LP,Feb-09,Feb-09,3,★★★,,"new wave, electronic, synthpop, synthwave,"
Sorry Darling,See This Through,EP,Feb-09,Feb-15,2,★★,,
Heems • Lapgan,LAFANDAR,LP,Feb-16,Feb-16,4,★★★★,4.15,"hip-hop, rap, hip hop, das racist,"
IDLES,TANGK,LP,Feb-16,Feb-16,3,★★★,,"post-punk, crank wave, post-hardcore, punk,"
serpentwithfeet,GRIP,LP,Feb-16,Feb-16,2.5,★★✬,,"gospel, soul, experimental, art pop,"
Granddaddy,Blu Wav,LP,Feb-16,Feb-21,2.5,★★✬,,"indie, indie rock, alternative, rock,"
Laura Jane Grace,Hole In My Head,LP,Feb-16,Feb-21,2,★★,,"folk punk, punk rock, punk, singer-songwriter,"
Kim Petras,Slut Pop Miami,LP,Feb-14,Feb-14,0.5,✬,,"pop, german, electropop, female vocalists,"
Jennifer Lopez,This Is Me...Now,LP,Feb-16,Feb-21,2,★★,,"pop, latin, rnb, female vocalists,"
Chromeo,Adult Contemporary,LP,Feb-16,Feb-21,1.5,★✬,,"electronic, funk, electro, dance,"
Danielle Durack,Escape Artist,LP,Feb-16,Feb-22,3.5,★★★✬,,"indie, folk, indie pop, pop,"
El Perro del Mar,Big Anonymous,LP,Feb-16,Feb-22,3,★★★,,"swedish, female vocalists, indie pop, indie,"
Armbruster,Can I Sit Here,LP,Feb-16,Feb-22,3.5,★★★✬,,"experimental, contemporary classical, modern classical, noise,"
Omni,Souvenir,LP,Feb-16,Feb-16,3,★★★,,"post-punk, indie rock, progressive rock, crank wave,"
Yeat,2093,LP,Feb-16,Feb-22,3,★★★,,"trap, rap, plugg, rage,"
Glitterer,Rationale,LP,Feb-23,Feb-23,3,★★★,,"indie, punk, dream pop, emo,"
MGMT,Loss Of Life,LP,Feb-23,Feb-23,3,★★★,,"electronic, indie, psychedelic, alternative,"
Hurray For The Riff Raff,The Past Is Still Alive,LP,Feb-23,Feb-26,3.5,★★★✬,,"folk, blues, new orleans, female vocalist,"
Erika de Casier,Still,LP,Feb-23,Feb-26,3.5,★★★✬,,"rnb, soul, alternative rnb, pop,"
Real Estate,Daniel,LP,Feb-23,Feb-23,2.5,★★✬,,"lo-fi, indie, surf rock, surf,"
The Body • Dis Fig,Orchards of a Futile Heaven,LP,Feb-23,Feb-27,2,★★,,"sludge, doom metal, experimental, sludge metal,"
Allie X,Girl With No Face,LP,Feb-23,Feb-27,2.5,★★✬,,"synthpop, electropop, canadian, pop,"
LE SSERAFIM,EASY,EP,Feb-19,Feb-23,2,★★,,"k-pop, kpop, pop, korean,"
Laetitia Sadier,Rooting for Love,LP,Feb-23,Feb-28,3,★★★,,"indie, post-rock, new wave, french,"
Mary Timony,Untame the Tiger,LP,Feb-23,Feb-28,3,★★★,,"indie, female vocalists, singer-songwriter, indie rock,"
EarthGang,ROBOPHOBIA,EP,Feb-23,Feb-23,3.5,★★★✬,,"hip-hop, rap, hip hop, jazz rap,"
Job For A Cowboy,Moon Healer,LP,Feb-23,Feb-29,2.5,★★✬,,"deathcore, death metal, grindcore, metalcore,"
YUGYEOM,TRUST ME,LP,Feb-21,Feb-29,3.5,★★★✬,,"soul, rnb, k-rnb, got7,"
Geotic,The Anchorite,LP,Feb-21,Feb-26,3.5,★★★✬,,"ambient, drone, electronic, minimal,"
Uranium Club,Infants Under The Bulb,LP,Mar-01,Mar-04,2,★★,,"post-punk, art punk, crank wave, spoken word,"
Tollbooth,Instructions For Chess,LP,Feb-29,Feb-29,3.5,★★★✬,,
Bats,Good Game Baby,LP,Mar-01,Mar-01,2.5,★★✬,,"math rock, post-hardcore, experimental, post-punk,"
Faye Webster,Underdressed at the Symphony,LP,Mar-01,Mar-01,4,★★★★,4.05,"indie, singer-songwriter, indie folk, folk,"
Pissed Jeans,Half Divorced,LP,Mar-01,Mar-01,4,★★★★,3.95,"noise rock, punk, post-hardcore, hardcore,"
Gulfer,Third Wind,LP,Mar-01,Mar-01,4,★★★★,4.17,"emo, math rock, indie, canadian,"
Mannequin Pussy,I Got Heaven,LP,Mar-01,Mar-01,4,★★★★,4.24,"noise rock, garage rock, indie rock, punk rock,"
Stay Inside,Ferried Away,LP,Mar-01,Mar-05,2.5,★★✬,,"emo, post-hardcore, screamo, post-rock,"
STRFKR,Parallel Realms,LP,Mar-01,Mar-04,3,★★★,,"electronic, indie pop, indie, portland,"
Nils Frahm,Day,LP,Mar-01,Mar-04,3,★★★,,"piano, ambient, contemporary classical, modern classical,"
Schoolboy Q,BLUE LIPS,LP,Mar-01,Mar-06,3,★★★,,"hip-hop, rap, underground hip-hop, west coast rap,"
Call Me Malcolm,Echoes and Ghosts,LP,Mar-01,Mar-06,2,★★,,"punk, ska punk, punk rock, rock,"
Yard Act,Where's My Utopia?,LP,Mar-01,Mar-04,2,★★,,"post-punk, crank wave, indie rock, spoken word,"
Everything Everything,Mountainhead,LP,Mar-01,Mar-04,3.5,★★★✬,,"indie, indie pop, british, alternative,"
Kim Gordon,The Collective,LP,Mar-08,Mar-11,3.5,★★★✬,,"experimental, noise rock, rock, female vocalists,"
Ariana Grande,eternal sunshine,LP,Mar-08,Mar-11,3,★★★,,"pop, rnb, female vocalists, ariana grande,"
MIKE • Tony Seltzer,Pinball,LP,Mar-08,Mar-11,2.5,★★✬,,"rap, hip-hop, lo-fi, experimental hip hop,"
Tomato Flower,No,LP,Mar-08,Mar-11,2,★★,,"vocal, rock, folk, indie pop,"
Astrel K,The Foreign Department,LP,Mar-08,Mar-12,2.5,★★✬,,"post-punk, krautrock, indie pop, psychedelic pop,"
Jophus,True Crime,LP,Mar-08,Mar-12,2.5,★★✬,,
TWICE,With YOU-th,EP,Feb-23,Mar-11,2.5,★★✬,,"k-pop, kpop, korean, pop,"
The Messthetics,The Messthetics and James Brandon Lewis,LP,Mar-15,Mar-15,3.5,★★★✬,,"experimental, post-hardcore, instrumental, jazz,"
Kacey Musgraves,Deeper Well,LP,Mar-15,Mar-15,3,★★★,,"country, female vocalists, singer-songwriter, contemporary country,"
Justin Timberlake,Everything I Thought It Was,LP,Mar-15,Mar-21,1,★,,"pop, rnb, dance, male vocalists,"
Four Tet,Three,LP,Mar-15,Mar-15,4,★★★★,4.1,"electronic, experimental, idm, electronica,"
bedbug,pack your bags the sun is growing,LP,Mar-15,Mar-18,3,★★★,,"indie pop, lo-fi, bedroom pop, rare sad boy,"
Sweet Pill,Startchild,EP,Mar-15,Mar-18,3,★★★,,"emo, pop punk, midwest emo, indie,"
Gouge Away,Deep Sage,LP,Mar-15,Mar-18,2.5,★★✬,,"hardcore, hardcore punk, post-hardcore, punk,"
Tierra Whack,WORLD WIDE WHACK,LP,Mar-15,Mar-18,3,★★★,,"hip-hop, rap, rnb, hip hop,"
Flo Milli,"Fine Ho, Stay",LP,Mar-15,Mar-18,3,★★★,,"hip-hop, rap, trap, hip hop,"
Rosali,Bite Down,LP,Mar-22,Mar-22,3.5,★★★✬,,"folk, indie, rock, philadelphia,"
Waxahatchee,Tigers Blood,LP,Mar-22,Mar-22,4,★★★★,4.5,"singer-songwriter, indie, female vocalists, acoustic,"
Adrianne Lenker,Bright Future,LP,Mar-22,Mar-25,3.5,★★★✬,,"singer-songwriter, female vocalists, indie folk, folk,"
Future • Metro Boomin,WE DON'T TRUST YOU,LP,Mar-22,Mar-25,3,★★★,,"hip-hop, rap, trap, hip hop,"
Rosie Tucker,UTOPIA NOW!,LP,Mar-22,Mar-26,3,★★★,,"indie pop, indie rock, power pop, singer-songwriter,"
Julia Holter,Something in the Room She Moves,LP,Mar-22,Mar-27,3.5,★★★✬,,"experimental, ambient, electronic, lo-fi,"
Francis Of Delirium,Lighthouse,LP,Mar-22,Apr-01,4,★★★★,4.05,"indie rock, luxembourg, rock, alternative,"
Empress Of,For Your Consideration,LP,Mar-22,Mar-27,2.5,★★✬,,"dream pop, synthpop, electropop, electronic,"
SPACED,This Is All We Ever Get,LP,Mar-22,Mar-26,3.5,★★★✬,,"hardcore, hardcore punk, punk, female vocalists,"
Shakira,Las Mujeres Ya No Lloran,LP,Mar-22,Apr-22,1,★,,"pop, latin, female vocalists, spanish,"
Boris • Coaltar Of The Deepers,"""hello there""",LP,Mar-22,Mar-27,3,★★★,,"drone, stoner rock, experimental, sludge,"
The Veronicas,Gothic Summer,LP,Mar-22,Mar-27,1,★,,"pop rock, pop, female vocalists, australian,"
Alice Coltrane,The Carnegie Hall Concert (Live),LP,Mar-22,Apr-22,3,★★★,,"jazz, free jazz, avant-garde, experimental,"
Hozier,Unheard,EP,Mar-22,Mar-28,2.5,★★✬,,"blues, indie, soul, singer-songwriter,"
The Jesus And Mary Chain,Glasgow Eyes,LP,Mar-22,Apr-01,2.5,★★✬,,"shoegaze, post-punk, alternative, indie,"
Wild Pink,Strawberry Eraser,EP,Mar-21,Mar-21,3,★★★,,"indie rock, indie, american, pop,"
Jlin,Akoma,LP,Mar-22,Mar-22,3.5,★★★✬,,"footwork, juke, electronic, experimental,"
Empty Heaven,Laughing,LP,Mar-22,Apr-23,2.5,★★✬,,"indie rock, lo-fi,"
Prefuse 73,New Strategies For Modern Crime Volume 1,LP,Mar-22,Apr-23,2.5,★★✬,,"electronic, hip-hop, idm, trip-hop,"
Chastity Belt,Live Laugh Love,LP,Mar-29,Mar-29,3.5,★★★✬,,"indie rock, post-punk, indie, seattle,"
Beyoncé,Cowboy Carter,LP,Mar-29,Apr-01,3,★★★,,"rnb, pop, female vocalists, soul,"
Ride,Interplay,LP,Mar-29,Apr-02,4,★★★★,3.9,"shoegaze, dream pop, indie, alternative,"
Shabazz Palaces,Exotic Birds of Prey,LP,Mar-29,Apr-02,2.5,★★✬,,"hip-hop, experimental hip-hop, psychedelic, experimental,"
Frail Body,Artificial Bouquet,LP,Mar-29,Mar-29,4,★★★★,4.39,"screamo, post-hardcore, emo, hardcore,"
Sum 41,Heaven :x: Hell,LP,Mar-29,Apr-02,1.5,★✬,,"punk rock, punk, pop punk, rock,"
Minnows,Foreign Moon,LP,Mar-29,Apr-02,4,★★★★,4.28,"alternative, emo, indie rock, under 2000 listeners,"
Chicano Batman,Notebook Fantasy,LP,Mar-29,Apr-03,2,★★,,"rock, psychedelic, psychedelic rock, soul,"
Reyna Tropical,Malegría,LP,Mar-29,Apr-03,3.5,★★★✬,,"latin, electronic, world, psychedelic,"
Cindy Lee,Diamond Jubilee,LP,Mar-29,Apr-03,4,★★★★,4.35,"hypnagogic pop, noise pop, noise, no wave,"
Kelly Moran,Moves in the Field,LP,Mar-29,Apr-23,3.5,★★★✬,,"experimental, ambient, electronic, contemporary classical,"
Vampire Weekend,Only God Was Above Us,LP,Apr-05,Apr-05,4,★★★★,4.25,"indie, indie rock, indie pop, alternative,"
Fabiana Palladino,Fabiana Palladino,LP,Apr-05,Apr-05,3.5,★★★✬,,"synthpop, electronic, british, electropop,"
Mount Kimbie,The Sunset Violent,LP,Apr-05,Apr-05,3.5,★★★✬,,"dubstep, electronic, ambient, experimental,"
Jane Weaver,Love in Constant Spectacle,LP,Apr-05,Apr-05,2.5,★★✬,,"folk, singer-songwriter, indie, female vocalists,"
RiTchie,Triple Digits [112],LP,Apr-05,Apr-09,3,★★★,,"80s, rock, brazil, nova california seixas,"
Maxband,On Ice,LP,Apr-05,Apr-09,3.5,★★★✬,,"rock, indie, pop, new york,"
Last Dinosaurs,KYO,EP,Apr-05,Apr-10,4,★★★★,,"indie, indie rock, australian, rock,"
Jane Penny,Surfacing,LP,Apr-05,Apr-11,3.5,★★★✬,,"electronic, indie pop, synth pop, dream pop,"
Young Miko,att.,LP,Apr-05,Apr-24,3.5,★★★✬,,"rap, trap, puerto rico, hip-hop,"
Phosphorescent,Revelator,LP,Apr-05,Apr-24,3,★★★,,"folk, singer-songwriter, indie, lo-fi,"
Wisp,Pandora,EP,Apr-05,Apr-24,3.5,★★★✬,,"idm, electronic, ambient, experimental,"
GloRilla,Ehhtang Ehhtan,LP,Apr-05,Apr-12,3.5,★★★✬,,"rap, hip-hop, hip hop, memphis,"
Vessel,Wrapped In Cellophane,LP,Apr-02,Apr-24,3.5,★★★✬,,"idm, electronic, ambient, downtempo,"
Burning Lord,Arcane Demolition,LP,Apr-09,Apr-09,3.5,★★★✬,,"hardcore, hardcore punk, crossover, thrash metal,"
Still House Plants,"If I don't make it, I love u",LP,Apr-12,Apr-12,2.5,★★✬,,"free jazz, experimental, experimental rock, art rock,"
Maggie Rogers,Don't Forget Me,LP,Apr-12,Apr-15,3.5,★★★✬,,"indie pop, pop, folk, singer-songwriter,"
Girl In Red,I'M DOING IT AGAIN BABY!,LP,Apr-12,Apr-18,2.5,★★✬,,"dream pop, indie, lo-fi, indie pop,"
Replicant,Infinite Mortality,LP,Apr-12,Apr-18,2.5,★★✬,,"death metal, synthpop, synthwave, post-punk,"
sleepmakeswaves,"It's Here, But I Have No Names For It",LP,Apr-12,Apr-15,3,★★★,,"post-rock, instrumental, experimental, australian,"
Hikaru Utada,SCIENCE FICTION,LP,Apr-10,Apr-12,4,★★★★,4.05,"j-pop, japanese, female vocalists, jpop,"
Shabaka,"Perceive Its Beauty, Acknowledge Its Grace",LP,Apr-12,Apr-24,4,★★★★,4.05,"jazz, spiritual jazz, electronica, ambient,"
Kharma,A World Of Our Own,LP,Apr-12,Apr-25,3,★★★,,"hardcore, hard rock, rock, aor,"
High on Fire,Cometh The Storm,LP,Apr-19,Apr-19,3,★★★,,"stoner metal, doom metal, sludge, metal,"
Taylor Swift,THE TORTURED POETS DEPARTMENT: THE ANTHOLOGY,LP,Apr-19,May-09,1.5,★✬,,"country, pop, female vocalists, singer-songwriter,"
Ekko Astral,pink balloons,LP,Apr-19,Apr-19,3,★★★,,"punk, indie rock, noise rock, punk rock,"
Cloud Nothings,Final Summer,LP,Apr-19,Apr-19,4,★★★★,4,"indie rock, lo-fi, indie, noise pop,"
claire rousay,sentiment,LP,Apr-19,Apr-25,3,★★★,,"experimental, ambient, electronic, electroacoustic,"
Gangrene,"Heads I Win, Tails You Lose",LP,Apr-19,Apr-19,3,★★★,,"hip-hop, underground hip-hop, rap, stones throw,"
SeeYouSpaceCowboy,Cou de Grâce,LP,Apr-19,Apr-22,3.5,★★★✬,,"metalcore, mathcore, grindcore, post-hardcore,"
BIG|BRAVE,A Chaos Of Flowers,LP,Apr-19,Apr-22,3.5,★★★✬,,"drone, sludge, doom metal, noise rock,"
Local Natives,But I'll Wait For You,LP,Apr-19,Apr-22,2,★★,,"indie, indie rock, folk, indie pop,"
Nia Archives,Silence Is Loud,LP,Apr-12,Apr-25,3.5,★★★✬,,"jungle, drum and bass, breakbeat, electronic,"
A Certain Ratio,It All Comes Down to This,LP,Apr-19,Apr-25,2.5,★★✬,,"post-punk, new wave, manchester, 80s,"
Dog Park,Festina Lente,LP,Apr-19,Apr-25,3.5,★★★✬,,"indie, ambient, indie pop, indie rock,"
Future • Metro Boomin,WE STILL DON'T TRUST YOU,LP,Apr-12,May-09,3.5,★★★✬,,"hip-hop, rap, trap, hip hop,"
Blue Bendy,So Medieval,LP,Apr-12,May-02,4,★★★★,4.15,"indie rock, post-punk, art rock, art punk,"
bladee,Cold Visions,LP,Apr-24,May-02,2,★★,,"cloud rap, drain, hip-hop, hip hop,"
Couch Slut,You Could Do It Tonight,LP,Apr-19,May-02,4,★★★★,4.21,"noise rock, sludge, hardcore, sludge metal,"
Iron & Wine,Light Verse,LP,Apr-26,Apr-26,3.5,★★★✬,,"folk, indie folk, indie, singer-songwriter,"
St. Vincent,All Born Screaming,LP,Apr-26,Apr-26,3.5,★★★✬,,"female vocalists, indie, singer-songwriter, indie pop,"
Hovvdy,Hovvdy,LP,Apr-26,Apr-26,4,★★★★,4.1,"lo-fi, shoegaze, slowcore, indie,"
Justice,Hyperdrama,LP,Apr-26,Apr-29,3.5,★★★✬,,"electronic, electro, french, dance,"
Inter Arma,New Heaven,LP,Apr-26,May-01,2,★★,,"sludge, black metal, sludge metal, post-metal,"
Microwave,Let's Start Degeneracy,LP,Apr-26,Apr-30,4,★★★★,4,"rock, emo, alternative rock, vietnamese,"
Full Of Hell,Coagulated Bliss,LP,Apr-26,Apr-30,3,★★★,,"grindcore, powerviolence, hardcore, sludge,"
Six Organs of Admittance,Time is Glass,LP,Apr-26,Apr-30,3,★★★,,"folk, experimental, psychedelic, freak folk,"
Owen,The Falls of Sioux,LP,Apr-26,Apr-30,2.5,★★✬,,"indie, acoustic, singer-songwriter, emo,"
Oolong,Oolong,LP,Apr-20,Apr-30,3.5,★★★✬,,"math rock, emo, midwest emo, indie,"
The Woodentops,Fruits Of The Deep,LP,Apr-22,May-02,3,★★★,,"new wave, indie pop, 80s, alternative,"
Water Damage,In E,LP,Apr-12,May-03,4,★★★★,4.19,"krautrock, rock, instrumental, experimental,"
Mdou Moctar,Funeral for Justice,LP,May-03,May-03,3.5,★★★✬,,"psychedelic rock, niger, tuareg, world,"
Dua Lipa,Radical Optimism,LP,May-03,May-03,2.5,★★✬,,"pop, electropop, synthpop, british,"
Jessica Pratt,Here in the Pitch,LP,May-03,May-06,3.5,★★★✬,,"folk, singer-songwriter, female vocalists, acoustic,"
Kamasi Washington,Fearless Movement,LP,May-03,May-07,3,★★★,,"jazz, fusion, free jazz, jazz fusion,"
Camera Obscura,"Look to the East, Look to the West",LP,May-03,May-07,2.5,★★✬,,"indie pop, indie, female vocalists, scottish,"
Snarls,"With Love,",LP,May-03,May-06,4,★★★★,4.14,"indie pop, indie rock, indie, female vocalists,"
Sia,Reasonable Woman,LP,May-03,May-07,2.5,★★✬,,"female vocalists, chillout, indie, trip-hop,"
Lightning Bug,No Paradise,LP,May-02,May-06,4,★★★★,3.98,"shoegaze, dream pop, indie pop, indie rock,"
Dog Unit,At Home,LP,Apr-05,May-06,4,★★★★,3.94,"instrumental, experimental, indie rock, post-rock,"
Hana Vu,Romanticism,LP,May-03,May-07,4,★★★★,4.09,"dream pop, indie, indie pop, lo-fi,"
Agriculture,Living is Easy,EP,May-03,May-08,4.5,★★★★✬,,"electronic, black metal, post-black metal, blackgaze,"
Glassing,From the Other Side of the Mirror,LP,Apr-26,May-08,4,★★★★,4.2,"post-hardcore, screamo, black metal, post-black metal,"
How To Dress Well,I Am Toward You,LP,May-10,May-10,4,★★★★,4.08,"lo-fi, experimental, electronic, ambient,"
Myriam Gendron,Mayday,LP,May-10,May-10,3.5,★★★✬,,"folk, singer-songwriter, canada, contemporary folk,"
Amen Dunes,Death Jokes,LP,May-10,May-13,2.5,★★✬,,"lo-fi, folk, psychedelic, experimental,"
Chief Keef,Almight So 2,LP,May-10,May-13,3,★★★,,"hip-hop, rap, drill, trap,"
Arab Strap,I’m totally fine with it 👍 don’t give a fuck anymore 👍,LP,May-10,May-14,2.5,★★✬,,"indie, indie rock, post-rock, scottish,"
Various Artists,I Saw The TV Glow,LP,May-10,May-14,3.5,★★★✬,,"electronic, indie, mistagged artist, jazz,"
A.G. Cook,Britpop,LP,May-10,May-10,4,★★★★,4.21,"bubblegum bass, electronic, pc music, pop,"
Orville Peck,Stampede: Vol. 1,LP,May-10,May-16,2.5,★★✬,,"country, alt-country, gothic country, americana,"
Mary Lattimore • Walt McClements,Rain on the Road,LP,May-10,May-14,3.5,★★★✬,,"ambient, harp, new age, experimental,"
Knocked Loose,You Won't Go Before You're Supposed To,LP,May-10,May-13,4,★★★★,4.17,"hardcore, metalcore, beatdown hardcore, metallic hardcore,"
Yaya Bey,Ten Fold,LP,May-10,May-14,3,★★★,,"rnb, soul, pop, hip-hop,"
Demersal,Demersal,LP,May-10,May-15,4,★★★★,4.01,"screamo, hardcore, post-hardcore, metal,"
Bibi Club,Feu de garde,LP,May-10,May-15,4,★★★★,3.94,"french, indie pop, electro, français,"
Dehd,Poetry,LP,May-10,May-15,3.5,★★★✬,,"indie rock, post-punk, garage rock, crank wave,"
Iglooghost,Tidal Memory Exo,LP,May-10,May-10,3.5,★★★✬,,"wonky, electronic, glitch hop, experimental,"
Corridor,Mimi,LP,Apr-26,May-10,3,★★★,,"alternative, indie rock, post-punk, art rock,"
BADBADNOTGOOD,Mid Spiral: Chaos,EP,May-15,May-16,3,★★★,,"jazz, experimental, hip-hop, instrumental hip-hop,"
From Indian Lakes,Head Void,LP,May-17,May-17,3.5,★★★✬,,"indie rock, indie, alternative, rock,"
Billie Eilish,HIT ME HARD AND SOFT,LP,May-17,May-17,3,★★★,,"pop, indie pop, electropop, indie,"
Shellac,To All Trains,LP,May-17,May-17,3.5,★★★✬,,"math rock, noise rock, post-punk, indie rock,"
Pallbearer,Mind Burns Alive,LP,May-17,May-20,3.5,★★★✬,,"doom metal, traditional doom metal, doom, metal,"
Lip Critic,Hex Dealer,LP,May-17,May-17,4.5,★★★★✬,4.4,"punk, noise, breakbeat, experimental,"
Various Artists,Everyone's Getting Involved: A Tribute to Talking Heads' Stop Making Sense,LP,May-17,May-20,2,★★,,"electronic, indie, mistagged artist, jazz,"
of Montreal,Lady On The Cusp,LP,May-17,May-21,2,★★,,"indie, indie pop, indie rock, alternative,"
One Step Closer,All You Embrace,LP,May-17,May-20,3,★★★,,"hardcore, melodic hardcore, post-hardcore, straight edge,"
Rapsody,Please Don't Cry,LP,May-17,May-21,3,★★★,,"rap, hip-hop, hip hop, female emcees,"
Beth Gibbons,Lives Outgrown,LP,May-17,May-21,3,★★★,,"trip-hop, female vocalists, electronic, trip hop,"
DIIV,Frog in Boiling Water,LP,May-24,May-25,4.5,★★★★✬,4.25,"shoegaze, dream pop, lo-fi, psychedelic,"
Wavedash,Tempo,LP,May-03,May-23,3,★★★,,"dubstep, electronic, future bass, american,"
Vince Staples,Dark Times,LP,May-24,May-24,3.5,★★★✬,,"hip-hop, rap, underground hip-hop, hip hop,"
Young Jesus,The Fool,LP,May-24,Jun-03,3.5,★★★✬,,"indie rock, indie, rock, alternative,"
Say Anything,...Is Committed,LP,May-24,May-24,2.5,★★✬,,"indie, alternative, rock, emo,"
The Marías,Submarine,LP,May-31,Jun-04,4,★★★★,4.12,"indie pop, indie, dream pop, alternative,"
Thou,Umbilical,LP,May-31,Jun-05,3.5,★★★✬,,"sludge, doom metal, drone, sludge metal,"
Bat For Lashes,The Dream of Delphi,LP,May-31,Jun-05,4,★★★★,4.21,"female vocalists, indie, alternative, singer-songwriter,"
Arooj Aftab,Night Reign,LP,May-31,Jun-05,3,★★★,,"female vocalists, pakistani, jazz, singer-songwriter,"
Idaho,Lapse,LP,May-31,Jun-06,3,★★★,,"slowcore, indie, indie rock, shoegaze,"
Beak>,>>>>,LP,May-28,Jun-06,2.5,★★✬,,"krautrock, experimental, psychedelic, electronic,"
King Hannah,Big Swimmer,LP,May-31,Jun-10,3,★★★,,"indie rock, alternative rock, indie, female vocalists,"
Habibi,Dreamachine,LP,May-31,Jun-10,2.5,★★✬,,"garage rock, lo-fi, female vocalists, indie,"
Winnetka Bowling League,Sha La La,LP,May-31,Jun-10,2,★★,,"alternative, indie pop, indie, usa,"
Charli XCX,BRAT,LP,Jun-07,Jun-07,4.5,★★★★✬,4.6,"pop, synthpop, electronic, female vocalists,"
KAYTRANADA,TIMELESS,LP,Jun-07,Jun-07,3.5,★★★✬,,"electronic, hip-hop, beats, experimental,"
NxWorries,Why Lawd?,LP,Jun-14,Jun-18,2.5,★★✬,,"soul, hip-hop, hip hop, neo-soul,"
AURORA,What Happened To The Heart?,LP,Jun-07,Jun-10,3.5,★★★✬,,"trance, melodic death metal, dance, vocal trance,"
Tems,Born in the Wild,LP,Jun-07,Jun-10,3.5,★★★✬,,"rnb, soul, nigeria, pop,"
Kerosene Heights,LEAVING,EP,Jun-07,Jun-07,3.5,★★★✬,,"emo, indie, shoegaze, punk rock,"
Peggy Gou,I Hear You,LP,Jun-07,Jun-07,3.5,★★★✬,,"house, techno, electronic, deep house,"
Actress,Statik,LP,Jun-07,Jun-07,3,★★★,,"electronic, experimental, idm, techno,"
CANDY,It's Inside You,LP,Jun-07,Jun-07,3.5,★★★✬,,"hardcore, metalcore, hardcore punk, power pop,"
Bonny Light Horseman,Keep Me On Your Mind,LP,Jun-07,Jun-11,3,★★★,,"folk, usa, american, country,"
Porcupine,All Is Vapor,LP,Jun-07,Jun-10,3.5,★★★✬,,"hardcore, hardcore punk, chaotic hardcore, rock,"
Beings,There Is A Garden,LP,Jun-07,Jun-11,3.5,★★★✬,,"noise, folk, experimental, noise rock,"
Goat Girl,Below The Waste,LP,Jun-07,Jun-12,4,★★★★,4,"post-punk, crank wave, art punk, indie rock,"
Good Looks,Lived Here For A While,LP,Jun-07,Jun-12,2,★★,,"alternative rock, indie rock, rock, 3,"
Mk.gee,Two Star & The Dream Police,LP,Feb-09,Jun-17,3.5,★★★✬,,"electronic, indie, indie pop, funk,"
Prize Horse,Under Sound,LP,Feb-16,Jun-17,3,★★★,,"alternative rock, shoegaze, emo, grunge,"
That Mexican OT,Texas Technician,LP,Mar-01,Jun-17,3,★★★,,"rap, texas, trap, hip-hop,"
This Is Lorelei,"Box for Buddy, Box for Star",LP,Jun-14,Jun-18,3.5,★★★✬,,"experimental, indie pop, noise pop, indie rock,"
Kelley Stoltz,La Fleur,LP,Jun-07,Jun-20,2.5,★★✬,,"psychedelic rock, indie, indie rock, lo-fi,"
John Cale,POPtical Illusion,LP,Jun-14,Jun-24,2.5,★★✬,,"experimental, singer-songwriter, rock, avant-garde,"
The Decemberists,"As It Ever Was, So It Will Be Again",LP,Jun-14,Jun-20,2,★★,,"indie, indie rock, folk, alternative,"
Kneecap,Fine Art,LP,Jun-14,Jun-26,4,★★★★,4.05,"hip hop, rap, ireland, trap,"
Been Stellar,"Scream from New York, NY",LP,Jun-21,Jun-21,3.5,★★★✬,,"indie rock, punk rock, punk, alternative rock,"
µ-Ziq,Grush,LP,Jun-14,Jun-27,4,★★★★,,"idm, electronic, experimental, ambient,"
Carly Cosgrove,The Cleanest of Houses Are Empty,LP,Jun-14,Jun-20,4,★★★★,4.65,
Ulcerate,Cutting the Throat of God,LP,Jun-14,Jun-26,2.5,★★✬,,"technical death metal, death metal, brutal death metal, new zealand,"
MONO,OATH,LP,Jun-14,Jun-27,3.5,★★★✬,,"post-rock, instrumental, japanese, ambient,"
Normani,DOPAMINE,LP,Jun-14,Jun-26,3,★★★,,"rnb, soul, pop, fifth harmony,"
Zsela,Big For You,LP,Jun-14,Jul-02,3.5,★★★✬,,"rnb, art pop, experimental, usa,"
REZN,Burden,LP,Jun-14,Jul-02,4,★★★★,,"doom metal, stoner metal, stoner doom, psychedelic rock,"
Annabel,Worldviews,LP,Jun-14,Jul-03,3,★★★,,"indie, indie rock, emo, indie pop"
The Early November,The Early November,LP,Jun-14,Jul-03,3,★★★,,"emo, indie, rock, alternative,"
King Krule,SHHHHHHH!,EP,Jun-20,Jun-26,2.5,★★✬,,"indie, experimental, lo-fi, chillout,"
Sis,Vibhuti,LP,Jun-21,Jun-25,3.5,★★★✬,,"minimal, tech house, house, minimal techno,"
Alcest,Les Cahnts de l'Aurore,LP,Jun-21,Jun-25,4,★★★★,,"shoegaze, black metal, post-rock, atmospheric black metal,"
O.,WeirdOs,LP,Jun-21,Jun-21,4.5,★★★★✬,,"jazz, art punk, experimental, avant-garde,"
Kehlani,CRASH,LP,Jun-21,Jul-03,3,★★★,,"rnb, soul, pop, hip-hop,"
The Story So Far,I Want To Disappear,LP,Jun-21,Jun-24,3,★★★,,"pop punk, melodic hardcore, punk, pop-punk,"
Sumac,The Healer,LP,Jun-21,Jul-09,3,★★★,,"sludge, post-metal, sludge metal, progressive metal,"
Moon Diagrams,Cemetery Classics,LP,Jun-21,Jul-09,3.5,★★★✬,,"ambient techno, ambient, electronic, techno"
They Are Gutting a Body of Water,swanlike (loosies 2020-2023),LP,Jun-18,Jun-24,4,★★★★,4,"shoegaze, slowcore, noise rock, indie,"
Peso Pluma,ÉXODO,LP,Jun-20,Jul-09,2.5,★★✬,,"mexico, reggaeton, corridos tumbados, corrido tumbado,"
doris,four trees,LP,Jun-07,Jun-24,3.5,★★★✬,,"swedish, pop, jazz, argentina,"
Queen of Jeans,All Again,LP,Jun-28,Jun-28,4,★★★★,,"indie, female vocalists, rock, indie rock,"
Megan Thee Stallion,MEGAN,LP,Jun-28,Jul-01,3.5,★★★✬,,"rap, hip-hop, trap, hip hop,"
Camila Cabello,"C,XOXO",LP,Jun-28,Jun-28,2,★★,,"pop, female vocalists, cuba, cuban,"
Guided By Voices,Strut Of Kings,LP,Jun-28,Jul-01,2,★★,,"lo-fi, indie rock, indie, rock,"
Boldy James • Conductor Williams,Across The Tracks,LP,Jun-28,Jul-01,3,★★★,,"rap, hip-hop, detroit, hip hop,"
James Blake • Lil Yachty,Bad Cameo,LP,Jun-28,Jun-28,3,★★★,,"electronic, dubstep, experimental, downtempo,"
Prefuse 73,New Strategies For Modern Crime Volume 2,LP,Jun-28,Jul-01,3.5,★★★✬,,"electronic, hip-hop, idm, trip-hop,"
Channel Tres,Head Rush,LP,Jun-28,Jul-01,3,★★★,,"house, hip house, electronic, hip-hop,"
Sour Widows,Revival Of A Friend,LP,Jun-28,Jul-02,3.5,★★★✬,,"indie rock, americana, folk rock, indie folk,"
Mabe Fratti,Sentir Que No Sabes,LP,Jun-28,Jun-28,4,★★★★,,"ambient pop, art pop, drone, experimental,"
Firewalker,Hell Bent,LP,Jun-28,Jun-28,3.5,★★★✬,,"hardcore, hardcore punk, punk, boston hardcore,"
Loma,How Will I Live Without a Body?,LP,Jun-28,Jul-02,2.5,★★✬,,"indie, female vocalists, usa, rock,"
DIME,Dime,EP,Feb-11,Jul-08,4,★★★★,,"russian rap, hip-hop, electronica, grunge,"
Zach Bryan,The Great American Bar Scene,LP,Jul-04,Jul-08,3,★★★,,"country, singer-songwriter, americana, alt-country,"
Bacchae,Next Time,LP,Jul-05,Jul-08,2.5,★★✬,,"punk, post-punk, punk rock, punk pop,"
Blind Girls,An Exit Exists,LP,Jul-05,Jul-08,3.5,★★★✬,,"screamo, australia, emoviolence, skramz,"
Cassandra Jenkins,"My Light, My Destroyer",LP,Jul-12,Jul-12,4.5,★★★★✬,,"folk, singer-songwriter, indie, usa,"
Clairo,Charm,LP,Jul-12,Jul-12,4,★★★★,,"dream pop, bedroom pop, indie pop, lo-fi,"
Johnny Blue Skies,Passage Du Desir,LP,Jul-12,Jul-15,3,★★★,,"country, americana, alternative, folk,"
Speed,ONLY ONE MODE,LP,Jul-12,Jul-15,4,★★★★,,
Macseal,Permanent Repeat,LP,Jul-12,Jul-15,3,★★★,,"emo, indie, math rock, indie rock,"
toe,Now I See the Light,LP,Jul-12,Jul-15,4,★★★★,,"post-rock, math rock, instrumental, japanese,"
Gulfer,LIGHTS OUT,EP,Jul-17,Jul-17,4,★★★★,,"emo, math rock, indie, canadian,"
Los Campesinos!,All Hell,LP,Jul-19,Jul-22,3.5,★★★✬,,"indie pop, indie, british, indie rock,"
Denzel Curry,King Of The Mischievous South Vol. 2,LP,Jul-19,Jul-22,4,★★★★,,"hip-hop, rap, hip hop, trap,"
Childish Gambino,Bando Stone and The New World,LP,Jul-19,Jul-23,3,★★★,,"hip-hop, rap, indie, hip hop,"
Dr. Dog,Dr. Dog,LP,Jul-19,Jul-23,2.5,★★✬,,"indie, indie rock, lo-fi, alternative,"
Glass Animals,I Love You So F***ing Much,LP,Jul-19,Jul-23,2,★★,,"electronic, trip-hop, indie, british,"
Lilacs & Champagne,Fantasy World,LP,Jul-19,Jul-25,3,★★★,,"trip-hop,"
Oneida,Expensive Air,LP,Jul-19,Jul-25,2.5,★★✬,,"experimental, psychedelic, noise, indie rock,"
Luke Temple,Certain Limitations,LP,Jul-12,Jul-25,3.5,★★★✬,,"folk, singer-songwriter, indie, acoustic,"
Wand,Vertigo,LP,Jul-26,Jul-26,4,★★★★,4.14,"psychedelic rock, garage rock, psychedelic, heavy psych,"
Ice Spice,Y2K!,LP,Jul-26,Jul-26,2,★★,,"rap, hip-hop, drill, grah,"
Sinai Vessel,I SING,LP,Jul-26,Jul-29,4,★★★★,,"indie, post-rock, emo, indie rock,"
Mustard,Faith Of A Mustard Seed,LP,Jul-26,Jul-29,3,★★★,,"rap, hip hop, rnb, trap,"
Porter Robinson,SMILE! :D,LP,Jul-26,Jul-26,3.5,★★★✬,,"electro house, electronic, dubstep, house,"
Empire of the Sun,Ask That God,LP,Jul-26,Jul-29,2.5,★★✬,,"electronic, synthpop, australian, electronica,"
Cults,To the Ghosts,LP,Jul-26,Jul-26,3,★★★,,"indie pop, lo-fi, experimental, noise,"
State Faults,Children Of The Moon,LP,Jul-26,Jul-26,4,★★★★,4.26,"screamo, post-rock, post-hardcore, hardcore,"
Respire,Hiraeth,LP,Jul-26,Jul-29,3,★★★,,"screamo, post-rock, post-metal, blackgaze,"
Nightshift,Homosapien,LP,Jul-26,Jul-30,3,★★★,,"electronic, experimental, indie rock, post-punk,"
Robber Robber,Wild Guess,LP,Jul-26,Jul-30,2.5,★★✬,,"indie rock, post-punk, shoegaze,"
Clothing,From Memory,LP,Jul-26,Jul-30,4,★★★★,,"psychedelic, alt-country, country, goth,"
Raphael Roginski,Žaltys,LP,Jun-21,Jul-30,3.5,★★★✬,,"jazz, klezmer, folk, blues,"
standards,Fruit Galaxy,LP,Mar-22,Aug-05,4,★★★★,,"math rock, instrumental, rock, indie,"
Navy Blue,Memoirs In Armour,LP,Aug-02,Aug-06,4,★★★★,,"rap, hip-hop, jazz rap, hip hop,"
JPEGMAFIA,I LAY DOWN MY LIFE FOR YOU,LP,Aug-01,Aug-05,3,★★★,,"hip-hop, experimental, experimental hip-hop, glitch hop,"
Killer Mike,Songs For Sinners And Saints,LP,Aug-02,Aug-06,3.5,★★★✬,,"hip-hop, rap, dirty south, southern rap,"
Sonagi,Everything Is Longing,EP,Aug-02,Aug-07,3,★★★,,"screamo, post-hardcore, hardcore, hardcore punk,"
Chrytsabell • David Lynch,Cellophane Memories,LP,Aug-02,Aug-08,3,★★★,,"experimental, dark ambient, avant-garde, ambient,"
NightjaR,Mala Leche,LP,Jun-21,Aug-07,3.5,★★★✬,,"dubstep, heavy metal, lithuanian, spanish metal,"
Parannoul,Sky Hundred,LP,Aug-07,Aug-08,4,★★★★,,"shoegaze, emo, post-rock, korean,"
DJ Sabrina The Teenage DJ,HEX,LP,Aug-10,Aug-12,3.5,★★★✬,,"outsider house, house, electronic, french house,"
beabadoobee,This Is How Tomorrow Moves,LP,Aug-09,Aug-13,3.5,★★★✬,,"indie pop, indie, bedroom pop, dream pop,"
Oso Oso,life till bones,LP,Aug-09,Aug-09,3.5,★★★✬,,"emo, pop punk, midwest emo, indie rock,"
Fucked Up,Another Day,LP,Aug-09,Aug-13,3.5,★★★✬,,"hardcore, hardcore punk, punk, canadian,"
Kali Uchis,ORQUÍDEAS PARTE 2,LP,Aug-09,Aug-13,3,★★★,,"rnb, neo-soul, soul, pop,"
MAVI,shadowbox,LP,Aug-09,Aug-14,2,★★,,"rap, turkish, turkish pop, hip-hop,"
Larry June,Doing It For Me,LP,Aug-09,Aug-14,2.5,★★✬,,"rap, hip-hop, usa, west coast,"
Ravyn Lenae,Bird's Eye,LP,Aug-09,Aug-14,4,★★★★,,"rnb, soul, neo-soul, alternative rnb,"
OSEES,SORCS 80,LP,Aug-09,Aug-14,3.5,★★★✬,,"garage rock, psychedelic rock, alternative rock, krautrock,"
And So I Watch You From Afar,Megafauna,LP,Aug-09,Aug-09,4.5,★★★★✬,,"post-rock, math rock, instrumental, experimental,"
Starlight Excellent,Planet Chasers,LP,Aug-15,Aug-15,4,★★★★,,
Wishy,Triple Seven,LP,Aug-16,Aug-16,5,★★★★★,5,"dream pop, indie pop, indie rock, shoegaze,"
Horse Jumper Of Love,Disaster Trick,LP,Aug-16,Aug-19,3.5,★★★✬,,"slowcore, shoegaze, indie, indie rock,"
Charly Bliss,Forever,LP,Aug-16,Aug-16,4,★★★★,,"power pop, indie rock, indie pop, indie,"
Tinashe,Quantum Baby,LP,Aug-16,Aug-19,3,★★★,,"rnb, pop, soul, hip-hop,"
Post Malone,F-1 Trillion,LP,Aug-16,Aug-19,3,★★★,,"hip-hop, rap, trap, pop,"
Combat,Stay Golden,LP,Aug-16,Aug-16,4,★★★★,,"nsbm, black metal, thrash metal, speed metal,"
Panda Bear • Sonic Boom,Reset Mariachi EP,EP,Aug-16,Aug-19,3,★★★,,"experimental, psychedelic, freak folk, indie,"
GEL,Persona,EP,Aug-16,Aug-19,3.5,★★★✬,,"hardcore punk, hardcore, electronica, punk,"
Starflyer 59,Lust for Gold,LP,Aug-16,Aug-19,3.5,★★★✬,,"shoegaze, indie, indie rock, rock,"
The Soundcarriers,Through Other Reflections,LP,Aug-16,Aug-19,4,★★★★,,"psychedelic, british, indie, acid folk,"
SPIRIT OF THE BEEHIVE,YOU HAVE TO LOSE SOMETHING,LP,Aug-23,Aug-26,3,★★★,,"shoegaze, indie rock, noise pop, neo-psychedelia,"
Sabrina Carpenter,Short n' Sweet,LP,Aug-23,Aug-26,3.5,★★★✬,,"pop, indie pop, alternative, folk,"
Fontaines D.C.,Romance,LP,Aug-23,Aug-26,4,★★★★,,"post-punk, crank wave, indie rock, irish,"
Magdalena Bay,Imaginal Disk,LP,Aug-23,Aug-26,4.5,★★★★✬,4.49,"synthpop, electropop, dream pop, indie pop,"
illuminati hotties,POWER,LP,Aug-23,Aug-27,3,★★★,,"power pop, indie rock, indie pop, indie,"
Heems,VEENA,LP,Aug-23,Aug-27,3,★★★,,"hip-hop, rap, hip hop, das racist,"
Mura Masa,Curve 1,LP,Aug-23,Aug-26,3,★★★,,"electronic, trap, british, future bass,"
Kishi Bashi,Kantos,LP,Aug-23,Aug-27,3,★★★,,"indie, folk, pop, indie pop,"
Ka,The Thief Next To Jesus,LP,Aug-23,Aug-29,3.5,★★★✬,,"hip-hop, rap, underground hip-hop, new york,"
Melt-Banana,3+5,LP,Aug-23,Aug-28,4,★★★★,,"noise rock, noise, experimental, japanese,"
Fake Fruit,Mucho Mistrust,LP,Aug-23,Aug-28,3,★★★,,"indie rock, indie pop, post-punk, indie,"
The Softies,The Bed I Made,LP,Aug-23,Aug-29,3.5,★★★✬,,"twee, indie pop, indie, female vocalists,"
GIFT,Illuminator,LP,Aug-23,Aug-29,4,★★★★,,"progressive rock, hard rock, krautrock, german,"
YACHT,New Release,LP,Aug-23,Aug-29,2.5,★★✬,,"electronic, experimental, indie pop, indie,"
Chime School,The Boy Who Ran The Paisley Hotel,LP,Aug-23,Sep-03,3,★★★,,"indie pop, indie rock, jangle pop, the glorious new indiepop revival of the 2020s,"
Nicole Miglis,Myopia,LP,Aug-23,Sep-04,4,★★★★,,"folk, kgrl, female vocalist, psychedelic pop,"
Luna Li,When a Thought Grows Wings,LP,Aug-23,Sep-04,4,★★★★,,"indie pop, dream pop, psychedelic pop, canadian,"
Body Meat,Starchris,LP,Aug-23,Aug-28,4,★★★★,,"glitch hop, glitch pop, alternative rnb, philadelphia,"
samlrc,A Lonely Sinner,LP,Mar-08,Sep-05,4,★★★★,,"post-rock, shoegaze, ambient, glitch pop,"
ericdoa,DOA,LP,Jan-19,Aug-30,2.5,★★✬,,"hyperpop, digicore, electronic, glitchcore,"
Cold Gawd,I'll Down On This Earth,LP,Aug-30,Aug-30,4.5,★★★★✬,,"shoegaze, alternative rock, noise rock, emo,"
Nick Cave & The Bad Seeds,Wild God,LP,Aug-30,Sep-05,4,★★★★,,"rock, singer-songwriter, alternative, alternative rock,"
Ty Segall,Love Rudiments,LP,Aug-30,Sep-05,3,★★★,,"garage rock, lo-fi, garage punk, garage,"
Kehlani,While We Wait 2,LP,Aug-30,Sep-05,2.5,★★✬,,"rnb, soul, pop, hip-hop,"
John Legend,My Favorite Dream,LP,Aug-30,Sep-19,2,★★,,"soul, rnb, neo-soul, singer-songwriter,"
Tycho,Infinite Health,LP,Aug-30,Aug-30,3.5,★★★✬,,"ambient, electronic, idm, chillout,"
Ellen Reid,Big Majestic,LP,Aug-30,Aug-30,3.5,★★★✬,,"canadian, bella topolina, occhi a cuoricino, ellen reid,"
The Bug Club,On the Intricate Inner Workings of the System,LP,Aug-30,Sep-03,2,★★,,"indie rock, power pop, welsh, rock,"
Seefeel,Everything Squared,EP,Aug-30,Sep-03,4,★★★★,,"ambient, idm, electronic, shoegaze,"
Jon Hopkins,RITUAL,LP,Aug-30,Sep-03,3.5,★★★✬,,"ambient, electronic, downtempo, chillout,"
Nails,Every Bridge Burning,LP,Aug-30,Sep-03,3,★★★,,"grindcore, hardcore, powerviolence, crust,"
Doechii,Alligator Bites Never Heal,LP,Aug-30,Sep-03,4,★★★★,4.23,"rap, rnb, pop, hip-hop,"
Duster,In Dreams,LP,Aug-30,Aug-30,3.5,★★★✬,,"slowcore, space rock, shoegaze, indie rock,"
LE SSERAFIM,CRAZY,EP,Aug-30,Sep-03,2.5,★★✬,,"k-pop, kpop, pop, korean,"
samlrc,untitled,EP,Jun-13,Sep-06,4,★★★★,,"post-rock, shoegaze, ambient, glitch pop,"
Dummy,Free Energy,LP,Sep-06,Sep-06,3.5,★★★✬,,"indie rock, punk rock, happy hardcore, hardcore,"
MJ Lenderman,Manning Fireworks,LP,Sep-06,Sep-06,4,★★★★,,"alt-country, slowcore, indie rock, lo-fi,"
Fred again..,ten days,LP,Sep-06,Sep-06,4.5,★★★★✬,,"house, electronic, dance, uk garage,"
Peel Dream Magazine,Rose Main Reading Room,LP,Sep-06,Sep-09,4,★★★★,,"indie pop, dream pop, shoegaze, indie,"
Toro y Moi,Hole Erth,LP,Sep-06,Sep-09,2.5,★★✬,,"chillwave, electronic, lo-fi, psychedelic,"
Hinds,VIVA HINDS,LP,Sep-06,Sep-09,3.5,★★★✬,,"lo-fi, indie rock, indie, spain,"
Emu,Emu,LP,Sep-06,Sep-09,2.5,★★✬,,"dubstep, electronic, dub, indie,"
Fat Dog,WOOF.,LP,Sep-06,Sep-09,3.5,★★★✬,,"post-punk, new rave, ebm, dance punk,"
Many Eyes,The Light Age,LP,Sep-06,Sep-10,3.5,★★★✬,,"metalcore, rock, alternative metal, british,"
Nala Sinephro,Endlessness,LP,Sep-06,Sep-10,4,★★★★,,"jazz, ambient, electronic, experimental,"
Public Opinion,Painted On Smile,LP,Sep-06,Sep-10,3,★★★,,"punk rock, punk, college rock, garage rock,"
Sarah Kinsley,Escaper,LP,Sep-06,Sep-10,4,★★★★,,
Skullpresser,Positions of Power,EP,Sep-06,Sep-12,2.5,★★✬,,"hardcore,"
The The,Ensoulment,LP,Sep-06,Sep-12,3,★★★,,"new wave, post-punk, alternative, 80s,"
Party Dozen,Crime in Australia,LP,Sep-06,Sep-12,3.5,★★★✬,,"experimental, garage rock, rock, instrumental,"
Fcukers,Baggy$$,EP,Sep-06,Sep-12,3.5,★★★✬,,"pop, dance, house, electronic,"
Eli Smart,No Summer,LP,Sep-06,Sep-12,3.5,★★★✬,,"indie pop, indie rock,"
Varsity,Souvenirs,LP,Feb-16,Sep-16,3,★★★,,"rnb, pop, indie rock, post-hardcore,"
Nilüfer Yanya,My Method Actor,LP,Sep-13,Sep-17,3.5,★★★✬,,"singer-songwriter, indie, indie rock, indie pop,"
Porches,Shirt,LP,Sep-13,Sep-17,3.5,★★★✬,,"synthpop, electronic, indie, new york,"
Foxing,Foxing,LP,Sep-13,Sep-16,4,★★★★,,"emo, math rock, post-rock, midwest emo,"
Floating Points,Cascade,LP,Sep-13,Sep-16,3.5,★★★✬,,"electronic, deep house, dubstep, chillout,"
Colin Stetson,The love it took to leave you,LP,Sep-13,Sep-16,3.5,★★★✬,,"experimental, jazz, avant-garde, avant-garde jazz,"
Cursive,Devourer,LP,Sep-13,Sep-17,3,★★★,,"indie, indie rock, emo, alternative,"
My Brightest Diamond,Fight The Real Terror,LP,Sep-13,Sep-18,3,★★★,,"female vocalists, indie, singer-songwriter, folk,"
julie,my anti-aircraft friend,LP,Sep-13,Sep-17,4,★★★★,,"shoegaze, noise pop, danish, pop,"
The Jesus Lizard,Rack,LP,Sep-13,Sep-18,3,★★★,,"noise rock, grunge, alternative, noise,"
Tindersticks,Soft Tissue,LP,Sep-13,Sep-18,3.5,★★★✬,,"indie, chamber pop, alternative, indie rock,"
Nada Surf,Moon Mirror,LP,Sep-13,Sep-19,3.5,★★★✬,,"indie, indie rock, alternative, rock,"
worlds greatest dad,Better Luck Next Time,LP,Sep-13,Sep-19,4,★★★★,,"emo, indie, indie pop, indie rock,"
Regional Justice Center,FREEDOM SWEET FREEDOM,LP,Sep-20,Sep-20,3,★★★,,"hardcore, powerviolence, punk, hardcore punk,"
Future,MIXTAPE PLUTO,LP,Sep-20,Sep-23,3,★★★,,"hip-hop, rap, trap, hip hop,"
Jamie xx,In Waves,LP,Sep-20,Sep-20,4,★★★★,4.3,"electronic, dubstep, future garage, uk garage,"
Katy Perry,143,LP,Sep-20,Sep-20,1.5,★✬,,"pop, female vocalists, pop rock, indie,"
The Voidz,Like All Before You,LP,Sep-20,Sep-23,3.5,★★★✬,,"experimental rock, indie rock, experimental, neo-psychedelia,"
Sunset Rubdown,Always Happy to Explode,LP,Sep-20,Sep-20,3,★★★,,"indie, indie rock, canadian, experimental,"
Pale Waves,Thinking About You,EP,Sep-13,Sep-20,3,★★★,,"indie pop, pop, indie, synthpop,"
FIDLAR,DOGHOUSE,EP,Sep-20,Sep-20,3.5,★★★✬,,"garage rock, lo-fi, punk, skate punk,"
Bright Eyes,"Five Dice, All Threes",LP,Sep-20,Sep-25,3.5,★★★✬,,"indie, singer-songwriter, folk, indie rock,"
Nubya Garcia,Odyssey,LP,Sep-20,Sep-24,4,★★★★,,"jazz, jazz fusion, saxophone, british,"
The WAEVE,City Lights,LP,Sep-20,Sep-24,2.5,★★✬,,"indie rock, indie pop, folk, pop,"
Starcleaner Reunion,Café Life,LP,Sep-20,Sep-24,3,★★★,,"indie pop, indie rock, shoegaze, noise pop,"
Galaxie 500,Uncollected Noise New York '88-'90,LP,Sep-20,Sep-23,3.5,★★★✬,,"shoegaze, dream pop, slowcore, indie,"
Tanukichan,Circles,EP,Sep-20,Sep-23,4,★★★★,,"shoegaze, dream pop, indie, indie rock,"
Clinic Stars,Only Hinting,LP,Sep-20,Sep-23,3.5,★★★✬,,"dream pop, shoegaze, ethereal, female vocalists,"
Tasha,All This and So Much More,LP,Sep-20,Sep-25,3.5,★★★✬,,"korean, rnb, hip-hop, k-pop,"
Milton Nascimento • Esperanza Spalding,Milton + esperanza,LP,Aug-09,Sep-25,3.5,★★★✬,,"jazz, female vocalists, contemporary jazz, bass,"
Origami Angel,Feeling Not Found,LP,Sep-27,Sep-27,4,★★★★,4.2,"emo, pop punk, midwest emo, math rock,"
Xiu Xiu,"13"" Frank Beltrame Italian Stiletto with Bison Horn Grips",LP,Sep-27,Oct-02,3.5,★★★✬,,"experimental, indie, electronic, post-rock,"
SOPHIE,SOPHIE,LP,Sep-27,Sep-27,3,★★★,,"bubblegum bass, electronic, eurobeat, experimental,"
Efterklang,Things We Have In Common,LP,Sep-27,Sep-30,3.5,★★★✬,,"post-rock, electronic, ambient, danish,"
Alan Sparhawk,"White Roses, My God",LP,Sep-27,Sep-27,3.5,★★★✬,,"slowcore, indie, experimental, guitar,"
TSHA,Sad Girl,LP,Sep-27,Sep-30,4,★★★★,,"electronic, house, indie pop, progressive house,"
Heriot,Devoured by the Mouth of Hell,LP,Sep-27,Oct-02,4,★★★★,,"metalcore, sludge metal, sludge, hardcore,"
The Black Dahlia Murder,Servitude,LP,Sep-27,Sep-30,3,★★★,,"melodic death metal, death metal, deathcore, metalcore,"
Merce Lemon,Watch Me Drive Them Dogs Wild,LP,Sep-27,Oct-02,3.5,★★★✬,,"indie pop, rare sads, indie, indie rock,"
fantasy of a broken heart,Feats of Engineering,LP,Sep-27,Sep-30,3,★★★,,"indie, indie rock, usa, shoegaze,"
The Wolfgang Press,A 2nd Shape,LP,Sep-27,Oct-02,2.5,★★✬,,"post-punk, 4ad, gothic, alternative,"
Naima Bock,Below a Massive Dark Land,LP,Sep-27,Oct-02,4,★★★★,,
Broadcast,Distant Call - Collected Demos 2000 - 2006,LP,Sep-28,Oct-02,3.5,★★★✬,,"electronic, indie, indie pop, electronica,"
Godspeed You! Black Emperor,"“NO TITLE AS OF 13 FEBRUARY 2024 28,340 DEAD”",LP,Oct-04,Oct-04,4,★★★★,,"post-rock, instrumental, experimental, ambient,"
Drug Church,PRUDE,LP,Oct-04,Oct-04,4.5,★★★★✬,,"hardcore, post-hardcore, punk, hardcore punk,"
The Smile,Cutouts,LP,Oct-04,Oct-07,3.5,★★★✬,,"post-punk, art rock, alternative rock, indie rock,"
Coldplay,Moon Music,LP,Oct-04,Oct-04,1.5,★✬,,"rock, alternative, britpop, alternative rock,"
Blood Incantation,Absolute Nowhere,LP,Oct-04,Oct-04,4,★★★★,,"death metal, technical death metal, progressive death metal, ambient,"
Wild Pink,Dulling The Horns,LP,Oct-04,Oct-04,4,★★★★,,"indie rock, indie, new york, american,"
Caribou,Honey,LP,Oct-04,Oct-07,4.5,★★★★✬,,"electronic, experimental, indie, canadian,"
Balance And Composure,with you in spirit,LP,Oct-04,Oct-07,4,★★★★,,"post-hardcore, emo, indie, indie rock,"
Half Waif,See You At The Maypole,LP,Oct-04,Oct-08,4,★★★★,,"indie pop, indie, female vocalists, usa,"
Undeath,More Insane,LP,Oct-04,Oct-08,2.5,★★✬,,"death metal, metal, old school death metal, usa,"
Yasmin Williams,Acadia,LP,Oct-04,Oct-08,4,★★★★,,"folk, country, usa, acoustic,"
MEMORIALS,Memorial Waterslides,LP,Oct-04,Oct-09,3.5,★★★✬,,"melodic hardcore, hardcore, screamo, hardcore punk,"
Medicine,Medicine,LP,Oct-01,Oct-09,3,★★★,,"shoegaze, dream pop, noise, noise pop,"
A Place To Bury Strangers,Synthesizer,LP,Oct-04,Oct-09,3,★★★,,"shoegaze, post-punk, noise rock, noise,"
Geordie Greep,The New Sound,LP,Oct-04,Oct-09,3.5,★★★✬,,"progressive rock, art rock, jazz-rock, avant-prog,"
Chat Pile,Cool World,LP,Oct-11,Oct-11,4,★★★★,,"noise rock, sludge, sludge metal, post-hardcore,"
Charli XCX,Brat andit's completely different but also still brat,LP,Oct-11,Oct-11,3.5,★★★✬,,"pop, synthpop, electronic, female vocalists,"
Touché Amoré,Spiral In A StraightLine,LP,Oct-11,Oct-11,3.5,★★★✬,,"screamo, hardcore, post-hardcore, melodic hardcore,"
GloRilla,GLORIOUS,LP,Oct-11,Oct-11,4,★★★★,,"rap, hip-hop, hip hop, memphis,"
E L U C I D,REVELATOR,LP,Oct-11,Oct-14,4,★★★★,,"rap, hip-hop, experimental hip hop, underground hip-hop,"
The Linda Lindas,No Obligation,LP,Oct-11,Oct-14,3.5,★★★✬,,"riot grrrl, punk, punk rock, garage punk,"
Shovel Dance Collective,The Shovel Dance,LP,Oct-11,Oct-14,4,★★★★,,"folk, experimental, vocal, british,"
envy,Eunoia,LP,Oct-11,Oct-14,4,★★★★,,"screamo, post-rock, post-hardcore, hardcore,"
Oranssi Pazuzu,Muuntautuja,LP,Oct-11,Oct-14,4,★★★★,,"black metal, psychedelic black metal, experimental, psychedelic,"
La Femme,Rock Machine,LP,Oct-11,Oct-16,3.5,★★★✬,,"new wave, french, cold wave, surf,"
Field Music,Limits of Language,LP,Oct-11,Oct-16,3.5,★★★✬,,"indie pop, indie, british, indie rock,"
Lou Hayter,Unfamiliar Skin,EP,Oct-10,Oct-16,2.5,★★✬,,"electronic, indie pop, electropop, british,"
Joey Valence & Brae,NO HANDS,LP,Jun-07,Oct-11,4.5,★★★★✬,4.4,#N/A
cumgirl8,the 8th cumming,LP,Oct-04,Oct-16,3,★★★,,"post-punk, crank wave, riot grrrl, punk rock,"
Christopher Owens,I Wanna Run Barefoot Through Your Hair,LP,Oct-18,Oct-18,4,★★★★,,"indie pop, indie, chamber pop, american,"
Japandroids,Fate & Alcohol,LP,Oct-18,Oct-18,4,★★★★,,"noise rock, garage rock, indie, indie rock,"
Porridge Radio,Clouds In The Sky They Will Always Be There For Me,LP,Oct-18,Oct-18,4.5,★★★★✬,,"post-punk, crank wave, indie rock, art punk,"
High Vis,Guided Tour,LP,Oct-18,Oct-21,4,★★★★,4.1,"post-punk, crank wave, british, punk rock,"
Machine Girl,MG Ultra,LP,Oct-18,Oct-21,4,★★★★,,"breakcore, digital hardcore, electronic, idm,"
Tim Heidecker,Slipping Away,LP,Oct-18,Oct-22,3.5,★★★✬,,"comedy, folk, gospel, indie rock,"
Hemlock Ernst • Icky Reels,Studying Absence,LP,Oct-18,Oct-22,2,★★,,"hip-hop, rap, hip hop, alternative,"
Phantogram,Memory Of A Day,LP,Oct-18,Oct-22,3.5,★★★✬,,"trip-hop, electronic, indie, experimental,"
CANDY,Flipping,EP,Oct-16,Oct-17,4,★★★★,,"hardcore, metalcore, hardcore punk, rock,"
Jordana,Lively Premonition,LP,Oct-18,Oct-24,4,★★★★,,"pop, indie pop, indie rock, female vocalists,"
Kelly Lee Owens,Dreamstate,LP,Oct-18,Oct-24,4,★★★★,,"electronic, downtempo, ambient pop, art pop,"
Bon Iver,"SABLE,",EP,Oct-18,Oct-18,3,★★★,,"folk, indie, singer-songwriter, acoustic,"
"Tyler, The Creator",CHROMAKOPIA,LP,Oct-28,Oct-28,4,★★★★,,"hip-hop, rap, ofwgkta, underground hip-hop,"
Two Shell,Two Shell,LP,Oct-25,Oct-29,4.5,★★★★✬,,"techno, electronic, dubstep, uk bass,"
Soccer Mommy,Evergreen,LP,Oct-25,Oct-29,3,★★★,,"indie pop, indie, singer-songwriter, indie rock,"
Laura Marling,Patterns in Repeat,LP,Oct-25,Oct-29,3.5,★★★✬,,"folk, female vocalists, singer-songwriter, indie,"
Megan Thee Stallion,MEGAN: ACT II,LP,Oct-25,Oct-29,3,★★★,,"rap, hip-hop, trap, hip hop,"
Halsey,The Great Impersonator,LP,Oct-25,Oct-30,3,★★★,,"pop, indie pop, indie, female vocalists,"
Elias Rønnenfelt,Heavy Glory,LP,Oct-25,Oct-30,3.5,★★★✬,,"post-punk, avant-garde, art rock, experimental,"
Katie Gavin,What A Relief,LP,Oct-25,Nov-05,3.5,★★★✬,,"pop, usa, electropop, indie pop,"
"Hey, Ily","Hey, I Loathe You!",LP,Oct-25,Oct-30,4,★★★★,,"emo, power pop, chiptune, lo-fi,"
Pom Pom Squad,Mirror Starts Moving Without Me,LP,Oct-25,Oct-30,3,★★★,,"indie rock, indie, alternative, punk,"
Ben Quad,Ephemera,EP,Oct-25,Oct-30,4,★★★★,,"emo, pop punk, midwest emo, rock,"
Squint,Big Hand,LP,Oct-25,Oct-30,4,★★★★,,"hardcore, rock, punk, hardcore punk,"
see through person,every way of living,LP,Oct-25,Nov-05,4,★★★★,,"math rock, emo, pop punk, midwest emo,"
Amyl and the Sniffers,Cartoon Darkness,LP,Oct-25,Nov-06,3,★★★,,#N/A
Naked Roommate,Pass The Loofah,LP,Oct-25,Nov-05,3,★★★,,"experimental, indie pop, indie rock, usa,"
One True Pairing,Endless Rain,LP,Oct-25,Nov-06,4,★★★★,,#N/A
Flying Lotus,Spirit Box,EP,Oct-29,Nov-05,4,★★★★,,"electronic, experimental, hip-hop, instrumental hip-hop,"
The Cure,Songs Of A Lost World,LP,Nov-01,Nov-01,4.5,★★★★✬,4.38,"post-punk, new wave, alternative, 80s,"
Mount Eerie,Night Palace,LP,Nov-01,Nov-04,4,★★★★,,"lo-fi, folk, indie, experimental,"
Lil Uzi Vert,Eternal Atake 2,LP,Nov-01,Nov-01,3.5,★★★✬,,"trap, rap, hip-hop, hip hop,"
Autre Ne Veut,"Love, Guess Who?? (XXOOXX)",LP,Nov-01,Nov-01,4,★★★★,,"synthpop, electronic, lo-fi, indie,"
deary,Aurelia,EP,Nov-01,Nov-01,4,★★★★,,"dream pop, shoegaze, electronic, indie,"
THUS LOVE,All Pleasure,LP,Nov-01,Nov-04,3,★★★,,"post-punk, shoegaze, indie rock, new wave,"
Planes Mistaken For Stars,Matthew is Dead,LP,Nov-01,Nov-04,3.5,★★★✬,,"post-hardcore, hardcore, emo, punk,"
Thirdface,Ministerial Cafeteria,LP,Nov-01,Nov-05,4,★★★★,,"hardcore, hardcore punk, metal, powerviolence,"
Freddie Gibbs,You Only Die 1nce,LP,Oct-31,Nov-01,3.5,★★★✬,,"hip-hop, rap, gangsta rap, underground hip-hop,"
Fucked Up,Someday,LP,Nov-01,Nov-04,4,★★★★,,"hardcore, hardcore punk, punk, canadian,"
The Body,The Crying Out of things,LP,Nov-08,Nov-08,4,★★★★,,"sludge, doom metal, experimental, sludge metal,"
Ab-Soul,Soul Burger,LP,Nov-08,Nov-11,4,★★★★,4.05,"hip-hop, rap, underground hip-hop, west coast rap,"
State Champs,State Champs,LP,Nov-08,Nov-11,3.5,★★★✬,,"pop punk, easycore, alternative rock, pop-punk,"
claire rousay,The Bloody Lady,LP,Nov-08,Nov-12,4,★★★★,4.1,"experimental, ambient, electronic, electroacoustic,"
Haley Heynderickx,Seed of a Seed,LP,Nov-08,Nov-12,4,★★★★,,"folk, singer-songwriter, indie folk, indie,"
Yoo Doo Right,From the Heights of Our Pastureland,LP,Nov-08,Nov-08,4,★★★★,4.05,"post-rock, space rock, psychedelic rock, canada,"
FERG,DAROLD,LP,Nov-08,Nov-13,4,★★★★,4.02,"hip-hop, trap, rap, hip hop,"
Various Artists,The Shape of Punk to Come Obliterated,LP,Nov-08,Nov-08,4,★★★★,4.23,"electronic, indie, mistagged artist, jazz,"
Bottom Bracket,I'm So Afraid Of Where,LP,Nov-08,Nov-13,4,★★★★,4.19,"math rock, indie rock, punk rock, pop punk,"
GLOK • Timothy Clerkin,Alliance,LP,Nov-08,Nov-14,4,★★★★,4.13,"black metal, electronic, electronica, united kingdom,"
Robin Guthrie,Astoria,EP,Nov-08,Nov-15,3.5,★★★✬,,"ambient, dream pop, ethereal, post-rock,"
Former Champ,Vol. 2,EP,Nov-08,Nov-11,3.5,★★★✬,,"indie rock, garage rock,"
Counterparts,Heaven Let Them Die,EP,Nov-07,Nov-11,4.5,★★★★✬,,"melodic hardcore, metalcore, hardcore, melodic metalcore,"
American Motors,Content,LP,Oct-04,Nov-13,3.5,★★★✬,,"indie rock, post-punk,"
Grumpy,Wolfed,EP,Oct-25,Nov-14,4,★★★★,,"gangsta rap, chicano rap, west coast rap,"
Maxo Kream,Personification,LP,Nov-15,Nov-15,4,★★★★,4.1,"trap, hip-hop, houston, hip hop,"
Full Of Hell • Andrew Nolan,Scraping The Devine,LP,Nov-15,Nov-18,3,★★★,,"grindcore, powerviolence, hardcore, sludge,"
Secret World,Guilt Is Good,EP,Nov-15,Nov-18,3.5,★★★✬,,"hardcore, punk, punk rock, australia,"
The Green Child,Look Familiar,LP,Nov-15,Nov-19,3.5,★★★✬,,"indie pop, indie rock, synthpop, electronic,"
MUZZLE,MUZZLE,LP,Nov-22,Dec-02,4,★★★★,4.22,"indie rock, rock, punk, alternative rock,"
Kendrick Lamar,GNX,LP,Nov-22,Nov-22,4.5,★★★★✬,4.75,"hip-hop, rap, west coast, hip hop,"
Red Hot Org,TRAИƧA,LP,Nov-22,Nov-26,3.5,★★★✬,,"jazz, hip hop, rap, american,"
Boldy James & Harry Fraud,The Bricktionary,LP,Nov-22,Dec-02,4,★★★★,4.11,"rap, hip-hop, gangsta rap, detroit,"
Bibio,PHANTOM BRICKWORKS (LP II),LP,Nov-22,Nov-25,4,★★★★,4.05,"experimental, electronic, ambient, folktronica,"
Father John Misty,Mahashmashana,LP,Nov-22,Nov-25,4,★★★★,,"folk, indie, indie folk, alt-country,"
Opeth,The Last Will And Testament,LP,Nov-22,Dec-02,3,★★★,,"progressive metal, progressive death metal, death metal, metal,"
Michael Kiwanuka,Small Changes,LP,Nov-22,Dec-02,4,★★★★,4.09,"soul, blues, singer-songwriter, jazz,"
Kim Deal,Nobody Loves You More,LP,Nov-22,Dec-02,3.5,★★★✬,,"goddess, rock, guitar, female vocalists,"
The Innocence Mission,Midwinter Swimmers,LP,Nov-29,Dec-03,4,★★★★,,"folk, indie, female vocalists, acoustic,"
Les Breastfeeders,La ville engloutie,LP,Nov-08,Dec-03,3,★★★,,"rock, francophone, montreal, canadian,"
Bedsore,Dreaming the Strike for Love,LP,Nov-29,Dec-03,3.5,★★★✬,,"death metal, progressive death metal, progressive metal, italian,"
Hidden Mothers,Erosion / Avulsion,LP,Nov-29,Dec-03,4,★★★★,4.12,"screamo, post-black metal, black metal, post-hardcore,"
Harmony,Gossip,LP,Oct-11,Dec-04,4,★★★★,4.24,"power metal, progressive metal, christian metal, melodic metal,"
Advance Base,Horrible Occurrences,LP,Dec-06,Dec-09,2,★★,,"lo-fi, indie pop, indie, pop,"
Lauren Mayberry,Vicious Creature,LP,Dec-06,Dec-09,4,★★★★,4.13,"electronic, electropop, pop, female vocalists,"
ROSÉ,rosie,LP,Dec-06,Dec-09,3.5,★★★✬,,"pop, rosé, korean, blackpink,"
TV Girl • George Clanton,Fauxllenium,LP,Dec-06,Dec-09,3.5,★★★✬,,"indie pop, lo-fi, indie, chillwave,"
TWICE,STRATEGY,LP,Dec-06,Dec-06,3.5,★★★✬,,"k-pop, kpop, korean, pop,"
Shabaka,Possession,EP,Dec-06,Dec-09,4,★★★★,,"jazz, spiritual jazz, uk, new age,"
Red Sun • Bonus,Unnecessary Riffness,EP,Dec-06,Dec-09,3,★★★,,"indie, avant-garde, japanese, electronic,"
DJ Sabrina The Teenage DJ,Sorcery,LP,Dec-06,Dec-06,4,★★★★,4.08,"outsider house, house, electronic, french house,"
Couplet,EP2,EP,Dec-06,Dec-10,4,★★★★,,"electronic, indie, alternative rock, emo,"
Sadness,i want to make something as beautiful as you,EP,Aug-24,Dec-10,4.5,★★★★✬,,"doom metal, depressive black metal, blackgaze, black metal,"
Rafael Toral,,LP,,,,,,"experimental, ambient, drone, electronic,"
Lifeless Dark,Forces of Nature's Transformation,LP,Dec-10,Dec-12,3.5,★★★✬,,"crust punk, stenchcore, crust, thrash metal,"
Whispers,,,,,,,,"funk, soul, hardcore, metalcore,"
Familiars,Easy Does It,LP,Nov-15,Dec-16,3.5,★★★✬,,"stoner rock, shoegaze, stonegaze,"